stride_bytes,num_nodes,footprint_bytes,align_bytes,pattern,n,mean,median,stddev,min,q1,q3,p5,p95,max,n_outliers
64,1024,65536,4096,random,1000,17.247388,17.136,0.9585953987969036,17.052,17.116,17.164,17.092,17.368,33.552,185
65,1008,65536,4096,random,1000,51.090312,18.452,1029.2420766884068,18.34,18.424,18.5,18.392,18.7442,32566.028,141
66,992,65536,4096,random,1000,50.914204,18.272,1028.9638209316597,18.204,18.252,18.308,18.228,18.5762,32557.06,196
67,978,65536,4096,random,1000,18.659,18.556,0.7850907358155894,18.468,18.528,18.596,18.5,18.793400000000002,28.536,137
68,963,65536,4096,random,1000,50.578804,17.94,1029.1390075599832,17.864,17.92,17.976,17.892,18.2442,32562.26,194
69,949,65536,4096,random,1000,51.257872,18.62,1028.8347603750467,18.24,18.58,18.676,18.54,18.8922,32553.324,75
70,936,65536,4096,random,1000,18.487736,18.4,0.707453781640297,18.288,18.364,18.452,18.324,18.676,27.756,87
71,923,65536,4096,random,1000,51.160084,18.522,1028.7754551437215,18.232,18.484,18.585,18.444,18.7682,32551.352,66
72,910,65536,4096,random,1000,17.231388,17.148,0.6963002538413292,17.088,17.128,17.164,17.108,17.3402,26.044,136
73,897,65536,4096,random,1000,18.6016,18.512,0.6932762508264364,18.38,18.476,18.564,18.432,18.78,28.252,93
74,885,65536,4096,random,1000,50.949156,18.317999999999998,1028.9730862444862,18.216,18.292,18.356,18.256,18.536,32557.388,141
75,873,65536,4096,random,1000,18.593392,18.52,0.6870817824041849,18.2,18.475,18.572,18.424,18.74,28.028,62
76,862,65536,4096,random,1000,18.060144,17.964,0.7512246839593264,17.832,17.924,18.032,17.88,18.2366,28.26,63
77,851,65536,4096,random,1000,51.190208,18.56,1029.267592511751,18.34,18.484,18.648,18.4,18.8562,32566.932,40
78,840,65536,4096,random,1000,18.47628,18.368,0.8358676284509959,18.248,18.336,18.416,18.2878,18.6404,28.756,110
79,829,65536,4096,random,1000,18.647452,18.548,0.7229218018759895,18.44,18.508,18.624,18.476,18.8442,28.416,73
80,819,65536,4096,random,1000,49.776476,17.148,1029.0955343033768,17.02,17.12,17.192,17.084,17.4086,32560.084,127
81,809,65536,4096,random,1000,18.600296,18.5,0.7710208203994815,18.388,18.468,18.56,18.424,18.76,30.604,79
82,799,65536,4096,random,1000,50.919416,18.288,1028.5920346239234,17.94,18.244,18.356,18.2038,18.604,32545.316,85
83,789,65536,4096,random,1000,51.224344,18.592,1029.2139529318904,18.304,18.54,18.661,18.484,18.8562,32565.272,55
84,780,65536,4096,random,1000,17.682156,17.598,0.7305204088399802,17.424,17.52,17.672,17.472,17.9164,27.372,55
85,771,65536,4096,random,1000,51.165032000000004,18.532,1028.9851287859847,18.396,18.492,18.589,18.448,18.852,32557.984,92
86,762,65536,4096,random,1000,50.99112,18.358,1029.1352397526607,18.164,18.288,18.453000000000003,18.228,18.64,32562.552,36
87,753,65536,4096,random,1000,18.64228,18.556,0.6993005525972812,18.396,18.504,18.628,18.448,18.84,28.464,64
88,744,65536,4096,random,1000,49.703852,17.104,1029.0418815505436,16.724,17.064,17.148,16.924,17.3002,32558.316,132
89,736,65536,4096,random,1000,18.37512,18.292,0.7406958782010226,18.14,18.24,18.336,18.188,18.5402,28.856,88
90,728,65536,4096,random,1000,17.933144,17.756,0.8737322537913519,17.496,17.668,17.885,17.584,18.508,29.052,171
91,720,65536,4096,random,1000,51.428236,18.826,1028.9314621856033,18.52,18.708,18.932,18.576,19.1162,32556.552,25
92,712,65536,4096,random,1000,17.976028,17.888,0.7629222880697835,17.528,17.844,17.964,17.788,18.128,29.204,47
93,704,65536,4096,random,1000,51.13438,18.512,1029.1908282239538,18.256,18.452,18.56,18.392,18.7642,32564.452,76
94,697,65536,4096,random,1000,51.011632,18.386000000000003,1029.2277154334781,17.88,18.34,18.44,18.308,18.6682,32565.496,81
95,689,65536,4096,random,1000,18.657232,18.564,0.7398652165865853,18.432,18.532,18.601,18.496,18.816399999999998,27.856,136
96,682,65536,4096,random,1000,49.696724,17.108,1029.2165216496637,16.52,17.02,17.148,16.92,17.3282,32563.828,50
97,675,65536,4096,random,1000,51.159468000000004,18.528,1029.2323177039725,18.156,18.496,18.568,18.416,18.844,32565.788,187
98,668,65536,4096,random,1000,18.192552,18.112,0.7589262205934806,17.436,18.064,18.169,18.003800000000002,18.348,28.788,77
99,661,65536,4096,random,1000,51.042816,18.4,1029.2956058608754,18.176,18.356,18.464,18.272,18.652,32567.668,63
100,655,65536,4096,random,1000,49.299839999999996,16.66,1029.2526593395482,16.42,16.588,16.728,16.504,16.94,32564.568,51
101,648,65536,4096,random,1000,18.63788,18.54,0.8082765173679912,18.336,18.468,18.612,18.392,18.8004,28.74,43
102,642,65536,4096,random,1000,51.014448,18.352,1029.2490517490378,18.204,18.312,18.408,18.264,18.6282,32566.168,79
103,636,65536,4096,random,1000,18.612728,18.512,0.7663734326385893,17.944,18.488,18.552,18.456,18.724,29.064,127
104,630,65536,4096,random,1000,17.125928,17.064,0.8546520185952227,16.436,16.964,17.12,16.796,17.272,27.444,46
105,624,65536,4096,random,1000,51.470652,18.788,1030.4611975820385,18.612,18.732,18.868,18.68,19.116,32604.92,64
106,618,65536,4096,random,1000,18.46856,18.408,0.745081096418531,18.124,18.3,18.472,18.1838,18.6964,28.952,41
107,612,65536,4096,random,1000,51.012032,18.392,1029.2002720362907,18.048,18.336,18.432,18.272,18.612,32564.628,86
108,606,65536,4096,random,1000,49.691184,17.288,1028.9870254217965,16.304,16.616,17.352,16.388,17.516,32556.568,8
109,601,65536,4096,random,1000,17.78018,17.68,0.7501745886882023,17.364,17.64,17.768,17.5798,17.9524,27.256,50
110,595,65536,4096,random,1000,50.233903999999995,18.168,1029.3185186320459,15.88,16.159,18.284,15.98,18.432199999999998,32567.564,10
111,590,65536,4096,random,1000,49.654496,17.016,1029.3499053633577,16.796,16.92,17.089,16.836,17.348,32567.996,54
112,585,65536,4096,random,1000,16.941192,16.906,0.7659204327116788,16.052,16.808,16.972,16.5878,17.088,28.3,61
113,579,65536,4096,random,1000,48.8915,16.224,1029.449854768832,16.056,16.18,16.288,16.124,16.4802,32570.388,62
114,574,65536,4096,random,1000,17.937656,17.844,0.7721455992819557,17.336,17.8,17.905,17.7478,18.0888,27.816,70
115,569,65536,4096,random,1000,49.739256,16.848,1029.149059520868,16.664,16.788,17.025,16.7198,18.5202,32561.732,187
116,564,65536,4096,random,1000,50.427692,17.828,1028.7309058477942,17.112,17.768,17.892,17.6158,18.04,32549.212,72
117,560,65536,4096,random,1000,18.786812,18.692,0.8201249914846259,18.548,18.644,18.752,18.604,18.924,30.2,59
118,555,65536,4096,random,1000,50.431224,17.82,1028.4605067022437,17.66,17.78,17.868,17.728,18.0322,32540.672,69
119,550,65536,4096,random,1000,50.831628,18.232,1029.1772240543792,17.668,18.144,18.316,17.984,18.46,32563.72,35
120,546,65536,4096,random,1000,14.136592,14.064,0.7194257313433534,13.868,14.008,14.128,13.94,14.32,24.984,57
121,541,65536,4096,random,1000,50.178716,17.552,1029.039990327418,17.36,17.488,17.644,17.42,17.852,32558.732,46
122,537,65536,4096,random,1000,18.459176,18.392,0.7376695991170176,17.18,18.351,18.456,18.163800000000002,18.5962,27.552,107
123,532,65536,4096,random,1000,50.264324,17.644,1029.1134940184402,17.472,17.608,17.688,17.5598,17.904,32561.14,114
124,528,65536,4096,random,1000,49.202148,16.568,1029.028901579056,16.416,16.528,16.628,16.492,16.88,32557.404,93
125,524,65536,4096,random,1000,17.3295,17.248,0.6866498890046295,17.096,17.204,17.305,17.152,17.5444,27.068,83
126,520,65536,4096,random,1000,46.82374,14.2,1029.229671013032,13.948,14.148,14.256,14.076,14.488199999999999,32561.368,77
127,516,65536,4096,random,1000,14.492788000000001,14.396,0.8072342201258208,14.184,14.356,14.452,14.276,14.724,27.148,121
128,512,65536,4096,random,1000,49.7729,17.144,1029.2595928248013,17.056,17.116,17.18,17.084,17.3882,32565.264,128
129,508,65536,4096,random,1000,13.862268,13.776,0.7309649936884789,13.6,13.728,13.82,13.671800000000001,14.092,24.892,100
130,504,65536,4096,random,1000,46.210404,13.584,1029.0851065509605,13.452,13.556,13.616,13.516,13.824,32556.188,153
131,500,65536,4096,random,1000,16.438364,16.352,0.762707612657961,15.956,16.324,16.388,16.28,16.588,26.7,117
132,496,65536,4096,random,1000,48.975804000000004,16.312,1029.1284004955241,16.236,16.296,16.469,16.276,16.692,32560.324,42
133,492,65536,4096,random,1000,48.893084,16.244,1029.1621339105302,16.124,16.212,16.304,16.176,16.592399999999998,32561.304,123
134,489,65536,4096,random,1000,15.165316,15.076,0.7680018222263167,14.944,15.04,15.124,14.992,15.38,26.816,106
135,485,65536,4096,random,1000,48.848504,16.216,1028.6069074870945,15.804,16.184,16.273,16.144,16.5442,32543.716,117
136,481,65536,4096,random,1000,10.424408,10.34,0.8341709721314611,10.184,10.296,10.384,10.204,10.652199999999999,23.656,115
137,478,65536,4096,random,1000,48.417288,15.796,1028.5079829061876,15.524,15.735,15.872,15.652,16.0844,32540.156,54
138,474,65536,4096,random,1000,15.094152,14.98,0.8810013463487262,14.62,14.928,15.06,14.8838,15.3484,27.708,75
139,471,65536,4096,random,1000,46.90148,14.22,1029.2537459492953,13.952,14.16,14.3,14.072,14.625799999999998,32562.204,73
140,468,65536,4096,random,1000,10.970024,10.896,0.7275641807160802,10.692,10.848,10.928,10.776,11.1882,23.324,145
141,464,65536,4096,random,1000,48.771104,16.152,1029.052545818977,15.224,16.1,16.212,16.044,16.400199999999998,32557.72,64
142,461,65536,4096,random,1000,14.13854,14.036,0.7284366769956002,13.86,13.992,14.12,13.936,14.452,24.812,80
143,458,65536,4096,random,1000,45.774784,12.616,1029.2021804526853,12.384,12.508,14.144,12.436,14.36,32559.44,6
144,455,65536,4096,random,1000,10.312844,10.256,0.7637757793391363,10.072,10.204,10.3,10.072,10.604199999999999,25.992,111
145,451,65536,4096,random,1000,11.354188,11.264,0.7274936010684875,11.136,11.228,11.312,11.188,11.596,23.164,129
146,448,65536,4096,random,1000,14.520432,14.44,0.7664966761379534,14.156,14.364,14.516,14.28,14.7564,25.788,54
147,445,65536,4096,random,1000,13.089072,13.0,0.7607873712412951,12.776,12.94,13.088,12.872,13.3202,25.968,55
148,442,65536,4096,random,1000,13.878516,14.004,0.8225645714582036,13.248,13.4,14.088,13.304,14.288,25.836,7
149,439,65536,4096,random,1000,11.232696,11.14,0.7221677269234688,10.98,11.104,11.232,11.044,11.484,24.632,70
150,436,65536,4096,random,1000,43.925512000000005,11.292,1029.1618351850302,11.148,11.251000000000001,11.364,11.176,11.636,32556.328,92
151,434,65536,4096,random,1000,11.374224,11.284,0.7390071186026189,11.12,11.244,11.332,11.192,11.66,23.796,126
152,431,65536,4096,random,1000,42.951012,10.312,1029.130917843539,10.236,10.272,10.412,10.248,10.62,32554.376,49
153,428,65536,4096,random,1000,11.706992,11.592,0.8731483975018566,11.464,11.552,11.664,11.511800000000001,11.9962,25.096,104
154,425,65536,4096,random,1000,45.570988,12.928,1029.1740710735119,12.828,12.9,12.989,12.864,13.292,32558.36,130
155,422,65536,4096,random,1000,11.54928,11.464,0.7594004863698066,11.264,11.4,11.536999999999999,11.336,11.796199999999999,24.652,75
156,420,65536,4096,random,1000,10.932936,10.852,0.7516845039625983,10.724,10.808,10.908,10.764,11.1762,24.14,92
157,417,65536,4096,random,1000,46.474084,13.86,1029.0624105232766,13.576,13.784,13.944,13.696,14.216,32555.736,58
158,414,65536,4096,random,1000,13.142964,13.06,0.7466242793524187,12.836,12.996,13.136,12.904,13.424,26.12,72
159,412,65536,4096,random,1000,43.796584,11.172,1029.059664560887,11.0,11.124,11.236,11.072,11.5322,32552.972,89
160,409,65536,4096,random,1000,10.29644,10.232,0.6796018607163234,10.072,10.152,10.288,10.072,10.5762,21.588,73
161,407,65536,4096,random,1000,43.609871999999996,11.0,1029.28273274556,10.808,10.888,11.06,10.84,11.392199999999999,32559.832,79
162,404,65536,4096,random,1000,11.070348000000001,10.968,0.8012096203564656,10.768,10.935,11.04,10.804,11.376199999999999,23.44,108
163,402,65536,4096,random,1000,11.169952,11.104,0.6925587710421025,10.856,11.048,11.172,10.896,11.4802,22.98,85
164,399,65536,4096,random,1000,16.501076,16.416,0.7455882026909975,16.18,16.364,16.472,16.32,16.688,26.792,75
165,397,65536,4096,random,1000,11.075472,11.018,0.715532447831613,10.848,10.892,11.088,10.868,11.376199999999999,22.852,49
166,394,65536,4096,random,1000,13.270124,13.192,0.675645067236401,12.992,13.132,13.268,13.0678,13.516399999999999,23.76,69
167,392,65536,4096,random,1000,11.041404,10.98,0.6899517419285135,10.824,10.864,11.064,10.836,11.2928,22.072,40
168,390,65536,4096,random,1000,42.81044,10.244,1029.0030720759137,10.096,10.124,10.3,10.108,10.5162,32550.2,40
169,387,65536,4096,random,1000,11.070552,10.978000000000002,0.6568999778329093,10.848,10.9,11.1,10.868,11.38,24.4,46
170,385,65536,4096,random,1000,45.264128,12.64,1029.0219400536994,12.468,12.592,12.716,12.536,13.016,32553.248,84
171,383,65536,4096,random,1000,15.366848,15.252,0.8413219499808142,15.088,15.2,15.332,15.148,15.620399999999998,26.86,74
172,381,65536,4096,random,1000,43.349972,10.728,1029.2380928872042,10.504,10.68,10.78,10.532,11.0962,32558.16,155
173,378,65536,4096,random,1000,11.120788,11.056,0.6963292651479626,10.876,10.94,11.156,10.892,11.4322,24.492,39
174,376,65536,4096,random,1000,11.175704,11.08,0.7153680450116736,10.904,11.028,11.136,10.9678,11.472199999999999,22.26,118
175,374,65536,4096,random,1000,11.183212,11.144,0.6090458076793993,10.928,10.996,11.192,10.96,11.4282,22.528,45
176,372,65536,4096,random,1000,10.227944,10.08,0.677581943497725,10.072,10.076,10.276,10.072,10.496,20.332,31
177,370,65536,4096,random,1000,43.765772,11.184,1029.2076344549416,10.984,11.028,11.232,11.004,11.528,32557.616,47
178,368,65536,4096,random,1000,18.229304,18.144,0.7293824197897137,18.048,18.112,18.18,18.076,18.368,28.956,106
179,366,65536,4096,random,1000,43.66772,11.104,1029.1216852468744,10.896,10.944,11.14,10.916,11.408199999999999,32554.804,47
180,364,65536,4096,random,1000,10.891076,10.82,0.7688631873258237,10.6,10.74,10.888,10.6318,11.104199999999999,23.08,49
181,362,65536,4096,random,1000,43.790788,11.184,1028.4928006693249,10.916,11.128,11.24,10.976,11.556199999999999,32535.052,115
182,360,65536,4096,random,1000,11.209316,11.12,0.7772491391879236,11.02,11.095,11.156,11.052,11.408399999999999,23.268,160
183,358,65536,4096,random,1000,11.149868,11.076,0.7040168679274144,10.844,10.944,11.124,10.896,11.4964,23.28,89
184,356,65536,4096,random,1000,42.894492,10.284,1029.1936307271587,10.108,10.26,10.312,10.128,10.6242,32556.304,270
185,354,65536,4096,random,1000,11.249544,11.104,0.8490599736784812,11.008,11.076,11.22,11.04,11.5284,21.888,80
186,352,65536,4096,random,1000,49.860848,17.228,1029.0812504677992,17.096,17.195,17.268,17.144,17.4844,32559.716,107
187,350,65536,4096,random,1000,11.142136,11.076,0.6319271741723547,10.96,10.995000000000001,11.18,10.972,11.376199999999999,21.824,29
188,348,65536,4096,random,1000,43.296648,10.648,1029.1368228629858,10.58,10.628,10.804,10.604,11.0442,32554.912,40
189,346,65536,4096,random,1000,11.180412,11.1,0.7620794311063088,10.948,11.012,11.2,10.98,11.42,25.592,31
190,344,65536,4096,random,1000,11.082724,11.044,0.6903177807810418,10.84,10.892,11.104,10.86,11.344399999999998,22.084,38
191,343,65536,4096,random,1000,11.199276,11.068,0.7459554982902328,11.004,11.048,11.216,11.028,11.456199999999999,22.768,49
192,341,65536,4096,random,1000,10.230484,10.094000000000001,0.6098377914461155,10.068,10.076,10.272,10.072,10.488,20.64,31
193,339,65536,4096,random,1000,43.627464,10.998000000000001,1028.873220705555,10.908,10.936,11.096,10.92,11.416,32546.912,66
194,337,65536,4096,random,1000,10.940056,10.824,0.6442078613558148,10.768,10.816,10.985,10.8,11.216,21.844,38
195,336,65536,4096,random,1000,51.297152000000004,18.642,1028.7669578250313,18.572,18.62,18.676,18.596,18.8724,32551.22,176
196,334,65536,4096,random,1000,10.669976,10.532,0.6022591830329759,10.504,10.524,10.728,10.516,10.924,21.448,26
197,332,65536,4096,random,1000,43.657336,11.052,1029.0320453610543,10.852,11.02,11.068,10.864,11.392,32551.96,321
198,330,65536,4096,random,1000,10.867176,10.768,0.6207912876698953,10.748,10.76,10.905,10.752,11.120399999999998,21.868,50
199,329,65536,4096,random,1000,11.047876,10.872,0.6759645913453993,10.832,10.856,11.108,10.844,11.34,21.348,28
200,327,65536,4096,random,1000,42.77422,10.132,1029.019190510384,10.108,10.124,10.22,10.12,10.508,32550.672,84
201,326,65536,4096,random,1000,11.07048,10.94,0.6972177351230892,10.896,10.924,11.12,10.912,11.3242,21.856,28
202,324,65536,4096,random,1000,43.474404,10.812,1028.9322960668064,10.776,10.8,10.984,10.788,11.1924,32548.628,37
203,322,65536,4096,random,1000,11.051524,10.904,0.6886585162299061,10.856,10.892,11.093,10.876,11.3202,22.172,41
204,321,65536,4096,random,1000,10.832076,10.812,0.6126788862378413,10.604,10.644,10.864,10.616,11.1284,21.124,41
205,319,65536,4096,random,1000,17.555148,17.476,0.7585630125045248,17.356,17.444,17.516,17.392,17.6642,29.38,94
206,318,65536,4096,random,1000,10.942916,10.8,0.6739553224960247,10.764,10.788,10.996,10.776,11.2366,22.728,44
207,316,65536,4096,random,1000,11.143108,11.016,0.7396194814317112,10.936,10.976,11.184,10.956,11.376,24.456,25
208,315,65536,4096,random,1000,10.201344,10.08,0.5945051438213382,10.072,10.072,10.26,10.072,10.488,20.912,40
209,313,65536,4096,random,1000,43.579792,10.92,1029.0026608189937,10.848,10.892,11.104,10.864,11.304,32550.956,20
210,312,65536,4096,random,1000,11.394516,11.34,0.7457002686298528,11.096,11.28,11.384,11.168,11.56,23.348,71
211,310,65536,4096,random,1000,43.552184,10.92,1028.9832548078987,10.856,10.896,11.06,10.868,11.3202,32550.316,57
212,309,65536,4096,random,1000,10.700608,10.564,0.5543729427882422,10.504,10.54,10.752,10.524,10.9482,20.044,31
213,307,65536,4096,random,1000,11.145512,11.126000000000001,0.6841163651434287,10.876,10.924,11.164,10.892,11.4442,21.668,35
214,306,65536,4096,random,1000,43.4085,10.764,1028.907170782872,10.708,10.744,10.932,10.724,11.14,32547.768,27
215,304,65536,4096,random,1000,10.94514,10.852,0.5590097604803627,10.808,10.836,10.868,10.82,11.284,21.3,194
216,303,65536,4096,random,1000,42.843892000000004,10.24,1028.8377504381276,10.184,10.212,10.264,10.196,10.4522,32545.008,140
217,302,65536,4096,random,1000,11.0883,10.98,0.6930662152917129,10.924,10.964,11.016,10.9478,11.368,22.244,221
218,300,65536,4096,random,1000,10.912672,10.796,0.6245533566568283,10.756,10.78,10.952,10.764,11.2122,20.904,52
219,299,65536,4096,random,1000,43.643496,10.98,1028.4170874175898,10.908,10.96,11.16,10.928,11.4008,32532.516,41
220,297,65536,4096,random,1000,10.648176,10.544,0.5738861510250429,10.5,10.532,10.684999999999999,10.512,10.944,20.4,65
221,296,65536,4096,random,1000,43.663672000000005,10.988,1029.0028812308283,10.908,10.96,11.14,10.932,11.3842,32551.044,44
222,295,65536,4096,random,1000,10.921628,10.796,0.663241644572395,10.732,10.768,10.972,10.748,11.2042,20.736,39
223,293,65536,4096,random,1000,11.044948,10.944,0.6218207735114439,10.884,10.912,11.084,10.896,11.32,21.796,39
224,292,65536,4096,random,1000,10.17744,10.08,0.6278926656679464,10.072,10.072,10.092,10.072,10.472,21.432,217
225,291,65536,4096,random,1000,11.105608,10.992,0.6647296351328289,10.932,10.976,11.144,10.956,11.3882,21.908,49
226,289,65536,4096,random,1000,43.4317,10.816,1029.0154803231362,10.732,10.768,10.854,10.748,11.184,32551.212,161
227,288,65536,4096,random,1000,11.038716,10.924,0.6643705559246131,10.888,10.912,11.072,10.896,11.316,22.396,53
228,287,65536,4096,random,1000,35.234204000000005,12.92,703.8169827727986,12.62,12.848,12.996,12.7558,13.204,22269.616,46
229,286,65536,4096,random,1000,11.085544,11.052,0.66802304065567,10.852,10.9,11.108,10.868,11.3482,21.46,41
230,284,65536,4096,random,1000,10.951252,10.812,0.6120118160288729,10.744,10.78,11.012,10.76,11.2,20.712,24
231,283,65536,4096,random,1000,10.980184,10.866,0.663106480399904,10.812,10.852,11.02,10.832,11.248,21.86,40
232,282,65536,4096,random,1000,10.21774,10.08,0.6650376466572938,10.072,10.076,10.28,10.072,10.48,20.196,31
233,281,65536,4096,random,1000,43.525804,10.888,1028.9761513938108,10.856,10.88,10.908,10.868,11.276,32550.064,222
234,280,65536,4096,random,1000,11.375356,11.308,0.6914206590721684,11.164,11.26,11.364,11.208,11.56,23.904,68
235,278,65536,4096,random,1000,43.628052,11.0,1028.9554869059941,10.924,10.964,11.056,10.943800000000001,11.364,32549.512,115
236,277,65536,4096,random,1000,10.700376,10.6,0.5985175301174209,10.564,10.588,10.732,10.572,10.9842,21.048,64
237,276,65536,4096,random,1000,11.013736,10.908,0.6397295680396711,10.864,10.892,11.028,10.876,11.312199999999999,21.996,83
238,275,65536,4096,random,1000,43.5006,10.824,1028.8104682089818,10.764,10.804,11.02,10.772,11.2528,32544.804,34
239,274,65536,4096,random,1000,11.00834,10.912,0.6485067751669503,10.868,10.896,11.04,10.884,11.268,24.164,59
240,273,65536,4096,random,1000,42.696796,10.08,1028.7222922410342,10.072,10.076,10.088,10.072,10.416,32541.216,211
241,271,65536,4096,random,1000,18.654,18.556,0.7814079641303936,18.476,18.536,18.592,18.504,18.768,29.152,148
242,270,65536,4096,random,1000,43.389708,10.772,1028.4305105037217,10.72,10.748,10.796,10.732,11.152,32532.688,214
243,269,65536,4096,random,1000,11.02192,10.924,0.6789781358106525,10.888,10.912,10.944,10.904,11.3,23.036,201
244,268,65536,4096,random,1000,10.782804,10.68,0.7012142718449469,10.624,10.664,10.708,10.64,11.0442,21.612,217
245,267,65536,4096,random,1000,43.600348000000004,10.978000000000002,1028.378546557842,10.896,10.956,11.008,10.916,11.356,32531.256,220
246,266,65536,4096,random,1000,10.874888,10.78,0.6219777647117265,10.74,10.76,10.804,10.748,11.1562,21.3,219
247,265,65536,4096,random,1000,43.575868,11.0,1028.8658212906923,10.84,10.884,11.06,10.86,11.272599999999999,32546.628,42
248,264,65536,4096,random,1000,10.30892,10.2,0.6829699155200802,10.088,10.112,10.372,10.104,10.5642,20.928,16
249,263,65536,4096,random,1000,10.98962,10.892,0.6038672695876796,10.86,10.884,10.904,10.868,11.2882,21.68,215
250,262,65536,4096,random,1000,10.897292,10.808,0.6025746118937462,10.776,10.8,10.828,10.788,11.136,22.048,197
251,261,65536,4096,random,1000,11.038136,10.932,0.6648054119362595,10.892,10.92,10.957,10.904,11.316,20.672,235
252,260,65536,4096,random,1000,43.245444,10.64,1028.8398544961303,10.588,10.632,10.664,10.596,11.0,32545.48,202
253,259,65536,4096,random,1000,11.048232,10.936,0.5933516565784276,10.884,10.924,11.104,10.908,11.336,20.892,39
254,258,65536,4096,random,1000,43.547171999999996,10.92,1028.5121296170248,10.86,10.904,10.94,10.88,11.296199999999999,32535.424,202
255,257,65536,4096,random,1000,11.015508,10.908,0.6394984254649672,10.868,10.9,10.924,10.884,11.332,21.468,220
256,256,65536,4096,random,1000,49.72142,17.092,1029.0538535573114,17.012,17.064,17.144,17.032,17.3322,32558.712,89
257,255,65536,4096,random,1000,10.976732,10.868,0.5857605001530399,10.836,10.86,11.036,10.844,11.252,20.516,29
